{"cameraMode":{"drawMode":0,"name":"Shaded","section":"Shading Mode"},"sceneLighting":false,"audioPlay":false,"sceneViewState":{"showFog":true,"showMaterialUpdate":false,"showSkybox":true,"showFlares":true,"showImageEffects":true,"showParticleSystems":true},"in2DMode":false,"pivot":{"x":-0.04741168022155762,"y":-0.10265570878982544,"z":-0.3305213451385498},"rotation":{"x":-0.10456139594316483,"y":0.8573489785194397,"z":-0.19244946539402009,"w":-0.4658142626285553},"size":1.8801579475402833,"orthographic":false}