{"cameraMode":{"drawMode":0,"name":"Shaded","section":"Shading Mode"},"sceneLighting":false,"audioPlay":false,"sceneViewState":{"showFog":true,"showMaterialUpdate":false,"showSkybox":true,"showFlares":true,"showImageEffects":true,"showParticleSystems":true},"in2DMode":false,"pivot":{"x":0.021050453186035157,"y":0.025324583053588868,"z":1.781768560409546},"rotation":{"x":-0.10738609731197357,"y":0.8757539391517639,"z":-0.228577122092247,"w":-0.41143137216567995},"size":0.34584861993789675,"orthographic":false}