{"cameraMode":{"drawMode":0,"name":"Shaded","section":"Shading Mode"},"sceneLighting":false,"audioPlay":false,"sceneViewState":{"showFog":true,"showMaterialUpdate":false,"showSkybox":true,"showFlares":true,"showImageEffects":true,"showParticleSystems":true},"in2DMode":false,"pivot":{"x":-5.672343730926514,"y":-2.9673633575439455,"z":0.5910428166389465},"rotation":{"x":-0.10738609731197357,"y":0.8757539391517639,"z":-0.228577122092247,"w":-0.41143137216567995},"size":0.28578871488571169,"orthographic":false}