{"cameraMode":{"drawMode":0,"name":"Shaded","section":"Shading Mode"},"sceneLighting":false,"audioPlay":false,"sceneViewState":{"showFog":true,"showMaterialUpdate":false,"showSkybox":true,"showFlares":true,"showImageEffects":true,"showParticleSystems":true},"in2DMode":false,"pivot":{"x":-6.882476329803467,"y":-0.9897563457489014,"z":1.0745635032653809},"rotation":{"x":0.15290752053260804,"y":0.5183451175689697,"z":-0.09480410814285279,"w":0.8360322117805481},"size":6.193245887756348,"orthographic":false}