{"cameraMode":{"drawMode":0,"name":"Shaded","section":"Shading Mode"},"sceneLighting":true,"audioPlay":false,"sceneViewState":{"showFog":true,"showMaterialUpdate":false,"showSkybox":true,"showFlares":true,"showImageEffects":true,"showParticleSystems":true},"in2DMode":false,"pivot":{"x":-5.665931701660156,"y":-2.9645962715148927,"z":0.5808830261230469},"rotation":{"x":-0.11000508069992066,"y":0.8725818395614624,"z":-0.23054733872413636,"w":-0.41635045409202578},"size":14.185216903686524,"orthographic":false}