{"cameraMode":{"drawMode":0,"name":"Shaded","section":"Shading Mode"},"sceneLighting":false,"audioPlay":false,"sceneViewState":{"showFog":true,"showMaterialUpdate":false,"showSkybox":true,"showFlares":true,"showImageEffects":true,"showParticleSystems":true},"in2DMode":false,"pivot":{"x":-0.8168785572052002,"y":1.8200819492340088,"z":1.3062782287597657},"rotation":{"x":-0.14148296415805818,"y":0.7063611149787903,"z":-0.14746475219726563,"w":-0.6777099370956421},"size":1.3922779560089112,"orthographic":false}