{"cameraMode":{"drawMode":0,"name":"Shaded","section":"Shading Mode"},"sceneLighting":false,"audioPlay":false,"sceneViewState":{"showFog":true,"showMaterialUpdate":false,"showSkybox":true,"showFlares":true,"showImageEffects":true,"showParticleSystems":true},"in2DMode":false,"pivot":{"x":0.0,"y":8.419998168945313,"z":0.010000228881835938},"rotation":{"x":-0.0002956286771222949,"y":0.9940072298049927,"z":-0.10928124934434891,"w":-0.0026880581863224508},"size":23.63554573059082,"orthographic":false}