{"cameraMode":{"drawMode":0,"name":"Shaded","section":"Shading Mode"},"sceneLighting":false,"audioPlay":false,"sceneViewState":{"showFog":true,"showMaterialUpdate":false,"showSkybox":true,"showFlares":true,"showImageEffects":true,"showParticleSystems":true},"in2DMode":false,"pivot":{"x":59.95633316040039,"y":71.13861846923828,"z":-66.62337493896485},"rotation":{"x":0.07547743618488312,"y":-0.670166015625,"z":0.06880545616149903,"w":0.7351506948471069},"size":3.045234203338623,"orthographic":false}