{"cameraMode":{"drawMode":0,"name":"Shaded","section":"Shading Mode"},"sceneLighting":false,"audioPlay":false,"sceneViewState":{"showFog":true,"showMaterialUpdate":false,"showSkybox":true,"showFlares":true,"showImageEffects":true,"showParticleSystems":true},"in2DMode":false,"pivot":{"x":-1.5457658767700196,"y":-2.2121763229370119,"z":1.2755060195922852},"rotation":{"x":0.4002106785774231,"y":0.3987109661102295,"z":-0.19928193092346192,"w":0.8007169961929321},"size":14.987242698669434,"orthographic":false}