{"cameraMode":{"drawMode":0,"name":"Shaded","section":"Shading Mode"},"sceneLighting":true,"audioPlay":false,"sceneViewState":{"showFog":true,"showMaterialUpdate":false,"showSkybox":true,"showFlares":true,"showImageEffects":true,"showParticleSystems":true},"in2DMode":false,"pivot":{"x":552.8704833984375,"y":257.43267822265627,"z":144.7275390625},"rotation":{"x":0.14586763083934785,"y":-0.010387787595391274,"z":0.0015311773167923093,"w":0.9892484545707703},"size":792.4387817382813,"orthographic":false}