{"cameraMode":{"drawMode":0,"name":"Shaded","section":"Shading Mode"},"sceneLighting":false,"audioPlay":false,"sceneViewState":{"showFog":true,"showMaterialUpdate":false,"showSkybox":true,"showFlares":true,"showImageEffects":true,"showParticleSystems":true},"in2DMode":false,"pivot":{"x":19.760892868041993,"y":-0.3278953433036804,"z":6.447038650512695},"rotation":{"x":0.09002869576215744,"y":-0.188248410820961,"z":0.017331929877400399,"w":0.9778328537940979},"size":6.193246841430664,"orthographic":false}