{"cameraMode":{"drawMode":0,"name":"Shaded","section":"Shading Mode"},"sceneLighting":true,"audioPlay":false,"sceneViewState":{"showFog":true,"showMaterialUpdate":false,"showSkybox":true,"showFlares":true,"showImageEffects":true,"showParticleSystems":true},"in2DMode":false,"pivot":{"x":383.97125244140627,"y":70.2166748046875,"z":190.34759521484376},"rotation":{"x":0.20670495927333833,"y":-0.22230631113052369,"z":0.04828907921910286,"w":0.9515887498855591},"size":1447.29150390625,"orthographic":false}