{"cameraMode":{"drawMode":0,"name":"Shaded","section":"Shading Mode"},"sceneLighting":true,"audioPlay":false,"sceneViewState":{"showFog":true,"showMaterialUpdate":false,"showSkybox":true,"showFlares":true,"showImageEffects":true,"showParticleSystems":true},"in2DMode":false,"pivot":{"x":-4.23866081237793,"y":-1.221116542816162,"z":4.889716625213623},"rotation":{"x":0.18671481311321259,"y":0.5674607753753662,"z":-0.1340039074420929,"w":0.7906761765480042},"size":21.86115837097168,"orthographic":false}