{"cameraMode":{"drawMode":0,"name":"Shaded","section":"Shading Mode"},"sceneLighting":false,"audioPlay":false,"sceneViewState":{"showFog":true,"showMaterialUpdate":false,"showSkybox":true,"showFlares":true,"showImageEffects":true,"showParticleSystems":true},"in2DMode":false,"pivot":{"x":-0.07410049438476563,"y":-0.22304058074951173,"z":0.2550172805786133},"rotation":{"x":0.13010039925575257,"y":-0.5833415985107422,"z":0.09533684700727463,"w":0.7960510849952698},"size":6.789060592651367,"orthographic":false}