{"cameraMode":{"drawMode":0,"name":"Shaded","section":"Shading Mode"},"sceneLighting":true,"audioPlay":false,"sceneViewState":{"showFog":true,"showMaterialUpdate":false,"showSkybox":true,"showFlares":true,"showImageEffects":true,"showParticleSystems":true},"in2DMode":false,"pivot":{"x":40.576263427734378,"y":-12.515724182128907,"z":0.5025177001953125},"rotation":{"x":0.2477933019399643,"y":-0.29637610912323,"z":0.07992135733366013,"w":0.9188973903656006},"size":441.9501037597656,"orthographic":false}