{"cameraMode":{"drawMode":0,"name":"Shaded","section":"Shading Mode"},"sceneLighting":true,"audioPlay":false,"sceneViewState":{"showFog":true,"showMaterialUpdate":false,"showSkybox":true,"showFlares":true,"showImageEffects":true,"showParticleSystems":true},"in2DMode":false,"pivot":{"x":16.210037231445314,"y":36.02879333496094,"z":-8.789154052734375},"rotation":{"x":0.20670495927333833,"y":-0.22230631113052369,"z":0.04828907921910286,"w":0.9515887498855591},"size":177.22718811035157,"orthographic":false}