{"cameraMode":{"drawMode":0,"name":"Shaded","section":"Shading Mode"},"sceneLighting":true,"audioPlay":false,"sceneViewState":{"showFog":true,"showMaterialUpdate":false,"showSkybox":true,"showFlares":true,"showImageEffects":true,"showParticleSystems":true},"in2DMode":false,"pivot":{"x":-3.193657875061035,"y":2.9823312759399416,"z":0.12105464935302735},"rotation":{"x":0.30038878321647646,"y":-0.35673755407333376,"z":0.12231538444757462,"w":0.8760958313941956},"size":72.9402084350586,"orthographic":false}